{"0.8757109052607541":{"user_id":1},"0.8369772799821071":{"user_id":1},"0.3531839686487208":{"user_id":1}}